Rank,University_Name,State,University_Type,Year,SS_Score,TOTAL FACULTY,UG4_2023-24,UG4_2022-23,UG4_2021-22,UG4_2020-21,UG4_2019-20,UG4_2018-19,UG5_2023-24,UG5_2022-23,UG5_2021-22,UG5_2020-21,UG5_2019-20,UG5_2018-19,PG2_2023-24,PG2_2022-23,PG2_2021-22,PG2_2020-21,PG2_2019-20,PG2_2018-19,PG3_2023-24,PG3_2022-23,PG3_2021-22,PG3_2020-21,PG3_2019-20,PG3_2018-19,PG_INTEGRATED_2023-24,PG_INTEGRATED_2022-23,PG_INTEGRATED_2021-22,PG_INTEGRATED_2020-21,PG_INTEGRATED_2019-20,PG_INTEGRATED_2018-19,TOTAL_SANCTIONED (Incl UG + PG),NE_UG4_Male,NE_UG4_Female,NE_UG4_Total,NE_UG4_WithinState,NE_UG4_OutsideState,NE_UG4_OutsideCountry,NE_UG4_EconomicallyBackward,NE_UG4_SociallyChallenged,NE_UG4_FeeReimb_State,NE_UG4_FeeReimb_Institute,NE_UG4_FeeReimb_Private,NE_UG4_NoFullReimb,NE_UG5_Male,NE_UG5_Female,NE_UG5_Total,NE_UG5_WithinState,NE_UG5_OutsideState,NE_UG5_OutsideCountry,NE_UG5_EconomicallyBackward,NE_UG5_SociallyChallenged,NE_UG5_FeeReimb_State,NE_UG5_FeeReimb_Institute,NE_UG5_FeeReimb_Private,NE_UG5_NoFullReimb,NE_PG2_Male,NE_PG2_Female,NE_PG2_Total,NE_PG2_WithinState,NE_PG2_OutsideState,NE_PG2_OutsideCountry,NE_PG2_EconomicallyBackward,NE_PG2_SociallyChallenged,NE_PG2_FeeReimb_State,NE_PG2_FeeReimb_Institute,NE_PG2_FeeReimb_Private,NE_PG2_NoFullReimb,NE_PG3_Male,NE_PG3_Female,NE_PG3_Total,NE_PG3_WithinState,NE_PG3_OutsideState,NE_PG3_OutsideCountry,NE_PG3_EconomicallyBackward,NE_PG3_SociallyChallenged,NE_PG3_FeeReimb_State,NE_PG3_FeeReimb_Institute,NE_PG3_FeeReimb_Private,NE_PG3_NoFullReimb,NE_PG_INTEGRATED_Male,NE_PG_INTEGRATED_Female,NE_PG_INTEGRATED_Total,NE_PG_INTEGRATED_WithinState,NE_PG_INTEGRATED_OutsideState,NE_PG_INTEGRATED_OutsideCountry,NE_PG_INTEGRATED_EconomicallyBackward,NE_PG_INTEGRATED_SociallyChallenged,NE_PG_INTEGRATED_FeeReimb_State,NE_PG_INTEGRATED_FeeReimb_Institute,NE_PG_INTEGRATED_FeeReimb_Private,NE_PG_INTEGRATED_NoFullReimb,TOTAL_ENROLLED,PhD_Grad_FT_2023-24,PhD_Grad_PT_2023-24,TOTAL_PHD_PURSUING,NT_UG4_total,NT_UG5_total,NT_PG2_total,NT_PG3_total,NT_PG_INTEGRATED_total,NT_total,NE_total,Occupancy,Female_total,OutsideState_total,OutsideCountry_total,EWS_total,SCSTOBC_total,FeeReimb_total,Female_ratio,Outside_state_ratio,International_ratio,EWS_ratio,SCSTOBC_ratio,FeeReimb_ratio,NP_total
1,Indian Institute of Technology,Chennai,Govt,2025,18.5,686,961,877,877,877,0,0,93,177,177,177,157,0,511,670,0,0,0,0,245,245,245,0,0,0,0,0,0,0,0,0,6289,2824,765,3589,667,2920,2,432,1876,208,1102,536,462,961,225,1186,309,877,0,157,503,38.0,416,110,96,995,176,1171,166,979,26,348,548,93,715,88,0,423,84,507,136,364,7,38,176,0,164,50,0,0,0,0,0,0,0,0,0,0,0,0,0,6453,1798,200,1998,3592,781,1181,735,0,6289,6453,1.0260772777866116,1250,5140,35,975,3103,3520.0,0.1937083527041686,0.7965287463195413,0.005423833875716721,0.1510925151092515,0.4808616147528281,0.5454827212149388,1998
2,Indian Institute of Technology,New Delhi,Govt,2025,16.45,677,1113,1093,1093,1071,0,0,116,116,116,126,123,0,1510,1654,0,0,0,0,0,0,0,0,0,0,0,0,0,0,0,0,8131,3439,898,4337,429,3907,1,445,2175,0,1973,38,609,429,114,543,58,485,0,48,302,0.0,241,0,109,1620,397,2017,106,1853,58,161,864,0,511,0,514,0,0,0,0,0,0,0,0,0,0,0,0,0,0,0,0,0,0,0,0,0,0,0,0,6897,2866,546,3412,4370,597,3164,0,0,8131,6897,0.8482351494281146,1409,6245,59,654,3341,2763.0,0.20429172103813253,0.9054661447005945,0.008554443961142525,0.09482383645063071,0.4844135131216471,0.4006089604175729,3412
3,Indian Institute of Technology,Mumbai,Govt,2025,18.5,792,1161,1059,1039,1030,0,0,80,182,202,211,178,0,1406,1391,0,0,0,0,0,0,0,0,0,0,0,0,0,0,0,0,7939,4170,994,5164,1443,3684,37,947,2668,1227,539,419,1430,901,208,1109,400,707,2,174,564,253.0,346,61,78,2144,409,2553,596,1957,0,275,1247,469,648,0,405,0,0,0,0,0,0,0,0,0,0,0,0,0,0,0,0,0,0,0,0,0,0,0,0,8826,3523,466,3989,4289,853,2797,0,0,7939,8826,1.1117269177478273,1611,6348,39,1396,4479,3962.0,0.1825288919102651,0.7192386131883073,0.004418762746430999,0.1581690460004532,0.5074779061862679,0.4489009743938364,3989
4,Indian Institute of Technology,Kanpur,Govt,2025,18.18,579,1210,1210,1210,927,0,0,0,0,0,0,0,0,1041,991,0,0,0,0,0,0,0,0,0,0,0,0,0,0,0,0,6589,3760,956,4716,1041,3675,0,290,2351,721,1764,0,156,0,0,0,0,0,0,0,0,0.0,0,0,0,1420,296,1716,688,1012,16,133,815,114,739,0,95,0,0,0,0,0,0,0,0,0,0,0,0,0,0,0,0,0,0,0,0,0,0,0,0,6432,2068,43,2111,4557,0,2032,0,0,6589,6432,0.9761724085597208,1252,4687,16,423,3166,3338.0,0.19465174129353233,0.7287002487562189,0.0024875621890547263,0.06576492537313433,0.49222636815920395,0.5189676616915423,2111
5,Indian Institute of Technology,Kharagpur,Govt,2025,18.23,868,941,943,943,942,0,0,609,569,569,589,492,0,1471,1455,0,0,0,0,0,0,0,0,0,0,0,0,0,0,0,0,9523,2706,597,3303,469,22820,14,331,1677,0,1237,0,771,2942,598,3540,453,3080,7,293,1804,0.0,2097,0,0,2078,413,2491,415,2052,24,270,1393,0,1663,0,0,0,0,0,0,0,0,0,0,0,0,0,0,0,0,0,0,0,0,0,0,0,0,0,0,9334,3409,0,3409,3769,2828,2926,0,0,9523,9334,0.9801533130316077,1608,27952,45,894,4874,4997.0,0.17227340904221128,2.994643239768588,0.004821084208270838,0.09577887293764731,0.5221769873580459,0.5353546175273195,3409
6,Indian Institute of Technology,Roorkee,Govt,2025,17.75,601,1100,1100,1100,1143,0,0,0,0,0,0,0,0,961,883,0,0,0,0,0,0,0,0,0,0,223,216,216,173,145,0,7260,3563,899,4462,96,4361,5,443,2240,126,1992,1,564,0,0,0,0,0,0,0,0,,0,0,0,1200,336,1536,57,1328,151,175,727,0,902,0,0,0,0,0,0,0,0,0,0,0,0,0,0,690,169,859,26,833,0,83,442,1,391,0,133,6857,2806,18,2824,4443,0,1844,0,973,7260,6857,0.9444903581267218,1404,6522,156,701,3409,,0.20475426571386904,0.9511448155169899,0.02275047396820767,0.10223129648534345,0.49715619075397405,,2824
7,Indian Institute of Technology,Hyderabad,Govt,2025,12.49,282,595,595,470,425,0,0,0,0,0,0,0,0,443,320,0,0,0,0,48,51,42,0,0,0,0,0,0,0,0,0,2989,1561,397,1958,670,1266,22,77,537,31,583,0,0,0,0,0,0,0,0,0,0,0.0,0,0,0,567,152,719,105,610,4,69,92,0,92,0,69,116,25,141,18,123,0,10,1,0,1,0,10,0,0,0,0,0,0,0,0,0,0,0,0,2818,711,165,876,2085,0,763,141,0,2989,2818,0.942790230846437,574,1999,26,156,630,707.0,0.2036905606813343,0.7093683463449255,0.009226401703335699,0.05535841022001419,0.22356281050390348,0.2508871540099361,876
8,Indian Institute of Technology,Guwahati,Govt,2025,17.86,460,1008,1008,902,978,0,0,0,0,0,0,0,0,795,993,0,0,0,0,0,0,0,0,0,0,0,0,0,0,0,0,5684,3084,830,3914,140,3759,15,1103,1963,0,1487,0,1579,0,0,0,0,0,0,0,0,0.0,0,0,0,1242,257,1499,69,1424,6,170,844,337,0,0,677,0,0,0,0,0,0,0,0,0,0,0,0,0,0,0,0,0,0,0,0,0,0,0,0,5413,2146,174,2320,3896,0,1788,0,0,5684,5413,0.9523223082336383,1087,5183,21,1273,2807,1824.0,0.20081285793460188,0.9575096988730833,0.0038795492333271752,0.2351745797154997,0.5185664141880658,0.3369665619804175,2320
9,National Institute of Technology,Tiruchirapalli,Govt,2025,17.5,320,964,964,964,964,0,0,0,0,0,0,0,0,658,658,0,0,0,0,0,0,0,0,0,0,0,0,0,0,0,0,5172,3337,950,4287,1858,2285,144,554,2216,68,2130,37,535,0,0,0,0,0,0,0,0,0.0,0,0,0,853,156,1009,78,926,5,146,589,5,730,0,0,0,0,0,0,0,0,0,0,0,0,0,0,0,0,0,0,0,0,0,0,0,0,0,0,5296,649,172,821,3856,0,1316,0,0,5172,5296,1.0239752513534417,1106,3211,149,700,2805,2970.0,0.2088368580060423,0.6063066465256798,0.028134441087613295,0.13217522658610273,0.5296450151057401,0.5608006042296072,821
10,Indian Institute of Technology (Banaras Hindu University),Varanasi,Govt,2025,17.62,382,1163,1163,1163,1163,0,0,400,400,400,400,334,0,555,555,0,0,0,0,0,0,0,0,0,0,0,0,0,0,0,0,7696,3663,897,4560,1048,3510,2,1219,2238,966,2291,200,0,1467,348,1815,367,1446,2,490,919,169.0,1173,67,0,682,138,820,189,625,6,236,486,0,722,0,0,0,0,0,0,0,0,0,0,0,0,0,0,0,0,0,0,0,0,0,0,0,0,0,0,7195,1123,73,1196,4652,1934,1110,0,0,7696,7195,0.9349012474012474,1383,5581,10,1945,3643,5588.0,0.1922168172341904,0.775677553856845,0.001389854065323141,0.27032661570535094,0.5063238359972203,0.7766504517025712,1196
11,Birla Institute of Technology & Science,Pilani,Deemed,2025,19.0,810,2003,2961,2691,2806,0,0,0,0,0,0,0,0,486,620,0,0,0,0,0,0,0,0,0,0,0,0,0,0,0,0,11567,9088,1397,10485,1907,8180,398,1395,527,0,84,0,1838,0,0,0,0,0,0,0,0,0.0,0,0,0,880,242,1122,180,942,0,552,241,0,0,0,793,0,0,0,0,0,0,0,0,0,0,0,0,0,0,0,0,0,0,0,0,0,0,0,0,11607,588,264,852,10461,0,1106,0,0,11567,11607,1.0034581135990317,1639,9122,398,1947,768,84.0,0.1412078917894374,0.7859050572930129,0.03428965279572672,0.16774360299819074,0.0661669682088395,0.00723701214784182,852
12,Indian Institute of Technology,Indore,Govt,2025,12.55,229,397,360,360,360,0,0,0,0,0,0,0,0,345,270,0,0,0,0,0,0,0,0,0,0,0,0,0,0,0,0,2092,1210,314,1524,230,1294,0,233,768,90,607,0,304,0,0,0,0,0,0,0,0,0.0,0,0,0,365,98,463,65,394,4,0,201,0,86,0,115,0,0,0,0,0,0,0,0,0,0,0,0,0,0,0,0,0,0,0,0,0,0,0,0,1987,633,41,674,1477,0,615,0,0,2092,1987,0.9498087954110899,412,1688,4,233,969,783.0,0.2073477604428787,0.8495218922999497,0.0020130850528434826,0.11726220432813286,0.4876698540513337,0.39406139909411175,674
13,National Institute of Technology,Rourkela,Govt,2025,17.5,403,888,888,888,888,0,0,0,0,0,0,0,0,665,725,0,0,0,0,0,0,0,0,0,0,50,50,50,50,50,0,5192,330,823,4126,1917,1929,280,618,1978,198,2210,46,142,0,0,0,0,0,0,0,0,0.0,0,0,0,769,192,961,158,786,17,211,533,0,744,0,0,220,25,245,119,123,3,43,143,4,118,4,60,0,0,0,0,0,0,0,0,0,0,0,0,5332,654,286,940,3552,0,1390,0,250,5192,5332,1.026964560862866,1040,2838,300,872,2654,3324.0,0.19504876219054765,0.532258064516129,0.056264066016504126,0.16354088522130533,0.49774943735933985,0.6234058514628658,940
14,S.R.M Institute of Science & Technology,Chennai,Deemed,2025,17.82,1661,5520,5040,4740,5550,0,0,0,0,0,0,0,0,1197,862,0,0,0,0,0,0,0,0,0,0,275,155,155,0,0,0,23494,13211,7431,20642,2244,17752,646,4128,3922,45,1305,101,6599,0,0,0,0,0,0,0,0,0.0,0,0,0,381,205,586,75,486,25,117,111,2,225,0,1,0,0,0,0,0,0,0,0,0,0,0,0,268,150,418,79,334,5,84,79,0,35,0,128,21646,821,673,1494,20850,0,2059,0,585,23494,21646,0.9213416191368009,7786,18572,676,4329,4112,1713.0,0.35969694169823524,0.857987618959623,0.031229788413563705,0.19999076041762912,0.18996581354522776,0.0791370230065601,1494
15,Indian Institute of Technology (Indian School of Mines),Dhanbad,Govt,2025,15.87,459,1028,1028,1028,1028,0,0,97,97,97,97,83,0,592,596,0,0,0,0,0,0,0,0,0,0,0,0,0,0,0,0,5771,3119,772,3891,301,3590,0,408,1974,13,2034,9,326,356,83,439,28,411,0,41,208,1.0,215,0,33,625,118,743,82,643,18,0,382,14,368,0,0,0,0,0,0,0,0,0,0,0,0,0,0,0,0,0,0,0,0,0,0,0,0,0,0,5073,992,380,1372,4112,471,1188,0,0,5771,5073,0.8790504245364755,973,4644,18,449,2564,2654.0,0.19179972402917406,0.9154346540508574,0.0035481963335304554,0.08850778631973191,0.5054208555095604,0.5231618371772127,1372
16,Vellore Institute of Technology,Vellore,Deemed,2025,20.0,3154,8190,7620,7620,7500,0,0,0,0,0,0,0,0,1320,1563,0,0,0,0,0,0,0,0,0,0,1080,1080,1080,1020,900,0,38973,27684,8273,35957,8458,26123,1376,9646,11081,17,267,0,20443,0,0,0,0,0,0,0,0,0.0,0,0,0,1802,798,2600,895,1689,16,771,1347,214,0,0,1904,3957,2351,6308,3575,2717,16,1688,3820,0,35,0,5473,0,0,0,0,0,0,0,0,0,0,0,0,44865,2432,480,2912,30930,0,2883,0,5160,38973,44865,1.1511815872527134,11422,30529,1408,12105,16248,533.0,0.25458598016271033,0.6804636130614065,0.03138303800289758,0.26980942828485455,0.36215312604480104,0.011880084698540065,2912
17,National Institute of Technology Karnataka,Surathkal,Govt,2025,17.5,316,740,740,740,740,0,0,0,0,0,0,0,0,579,579,0,0,0,0,0,0,0,0,0,0,0,0,0,0,0,0,4118,3139,848,3987,1827,2141,19,1098,1814,271,1809,436,396,0,0,0,0,0,0,0,0,0.0,0,0,0,1143,371,1514,223,1288,3,651,559,19,239,106,846,0,0,0,0,0,0,0,0,0,0,0,0,0,0,0,0,0,0,0,0,0,0,0,0,5501,647,240,887,2960,0,1158,0,0,4118,5501,1.335842642059252,1219,3429,22,1749,2373,2880.0,0.2215960734411925,0.6233412106889656,0.003999272859480095,0.3179421923286675,0.4313761134339211,0.5235411743319397,887
18,Jadavpur University,Kolkata,State,2025,18.25,461,1150,1150,1150,1150,0,0,0,0,0,0,0,0,623,547,0,0,0,0,0,0,0,0,0,0,0,0,0,0,0,0,5770,4184,471,4655,3914,734,7,782,2064,2368,467,5,6,0,0,0,0,0,0,0,0,0.0,0,0,0,779,229,1008,797,210,1,364,321,590,3,2,90,0,0,0,0,0,0,0,0,0,0,0,0,0,0,0,0,0,0,0,0,0,0,0,0,5663,1072,0,1072,4600,0,1170,0,0,5770,5663,0.9814558058925477,700,944,8,1146,2385,3435.0,0.12360939431396786,0.16669609747483666,0.0014126787921596327,0.2023662369768674,0.4211548649125905,0.6065689563835422,1072
19,Indian Institute of Technology,Patna,Govt,2025,12.48,264,582,582,547,427,0,0,0,0,0,0,0,0,186,231,0,0,0,0,0,0,0,0,0,0,0,0,0,0,0,0,2555,1633,364,1997,346,1649,2,381,1088,348,1095,10,16,0,0,0,0,0,0,0,0,0.0,0,0,0,354,56,410,163,246,1,44,276,213,93,9,5,0,0,0,0,0,0,0,0,0,0,0,0,0,0,0,0,0,0,0,0,0,0,0,0,2407,636,106,742,2138,0,417,0,0,2555,2407,0.9420743639921723,420,1895,3,425,1364,1768.0,0.17449106771915246,0.7872870793518904,0.0012463647694225177,0.17656834233485666,0.5666805151641047,0.7345243041130037,742
20,Anna University,Chennai,State,2025,17.86,809,2380,2380,2290,2470,0,0,0,0,0,0,0,0,1227,1450,0,0,0,0,0,0,0,0,0,0,0,0,0,0,0,0,12197,5610,3524,9134,8893,160,81,376,8020,1240,2243,387,4526,0,0,0,0,0,0,0,0,0.0,0,0,0,745,579,1324,1279,44,1,90,1195,294,414,2,575,0,0,0,0,0,0,0,0,0,0,0,0,0,0,0,0,0,0,0,0,0,0,0,0,10458,1113,623,1736,9520,0,2677,0,0,12197,10458,0.8574239567106665,4103,204,82,466,9215,4580.0,0.3923312296806273,0.019506597819850834,0.007840887358959648,0.04455918913750239,0.8811436221074775,0.4379422451711608,1736
21,National Institute of Technology Calicut,Kozhikode,Govt,2025,16.0,361,920,920,920,920,0,0,0,0,0,0,0,0,430,430,0,0,0,0,0,0,0,0,0,0,0,0,0,0,0,0,4540,2961,912,3873,1822,2018,33,991,2107,990,1961,46,101,0,0,0,0,0,0,0,0,0.0,0,0,0,626,246,872,350,521,1,67,496,14,537,12,0,0,0,0,0,0,0,0,0,0,0,0,0,0,0,0,0,0,0,0,0,0,0,0,0,4745,810,33,843,3680,0,860,0,0,4540,4745,1.0451541850220265,1158,2539,34,1058,2603,3560.0,0.2440463645943098,0.5350895679662803,0.007165437302423604,0.22297154899894625,0.548577449947313,0.7502634351949421,843
22,Siksha `O` Anusandhan,Bhubaneswar,Deemed,2025,19.0,709,3180,2460,2160,1860,0,0,0,0,0,0,0,0,90,90,0,0,0,0,0,0,0,0,0,0,0,0,0,0,0,0,9840,4204,5756,9960,1532,8342,86,859,1851,3,869,0,1838,0,0,0,0,0,0,0,0,0.0,0,0,0,53,72,125,21,94,10,8,18,1,3,0,22,0,0,0,0,0,0,0,0,0,0,0,0,0,0,0,0,0,0,0,0,0,0,0,0,10085,695,74,769,9660,0,180,0,0,9840,10085,1.0248983739837398,5828,8436,96,867,1869,876.0,0.5778879524045613,0.8364898363906792,0.009519087754090234,0.08596926127912742,0.18532473971244423,0.08686167575607337,769
23,Amrita Vishwa Vidyapeetham,Coimbatore,Deemed,2025,18.0,1077,3990,3180,3240,2580,0,0,0,0,0,0,0,0,744,800,0,0,0,0,0,0,0,0,0,0,0,0,0,0,0,0,14534,10484,3561,14045,4147,9471,427,2618,2844,12,2949,0,2501,0,0,0,0,0,0,0,0,0.0,0,0,0,511,230,741,182,520,39,209,129,0,183,5,150,0,0,0,0,0,0,0,0,0,0,0,0,0,0,0,0,0,0,0,0,0,0,0,0,14786,376,734,1110,12990,0,1544,0,0,14534,14786,1.0173386541901748,3791,9991,466,2827,2973,3149.0,0.25639118084674695,0.6757067496280265,0.03151629920194779,0.19119437305559314,0.20106857838495876,0.21297173001487893,1110
24,Jamia Milia Islamia,New Delhi,Central,2025,10.5,131,350,350,350,350,0,0,0,0,0,0,0,0,174,174,0,0,0,0,0,0,0,0,0,0,0,0,0,0,0,0,1748,1061,343,1404,128,1150,126,1131,147,959,284,28,7,0,0,0,0,0,0,0,0,0.0,0,0,0,182,164,346,31,308,7,257,47,148,138,13,5,0,0,0,0,0,0,0,0,0,0,0,0,0,0,0,0,0,0,0,0,0,0,0,0,1750,367,0,367,1400,0,348,0,0,1748,1750,1.0011441647597255,507,1458,133,1388,194,1570.0,0.2897142857142857,0.8331428571428572,0.076,0.7931428571428571,0.11085714285714286,0.8971428571428571,367
25,Indian Institute of Technology,Gandhinagar,Central,2025,11.5,154,310,225,225,225,0,0,60,40,0,0,0,0,275,90,0,0,0,0,0,0,0,0,0,0,0,0,0,0,0,0,1450,844,206,1050,181,864,5,49,518,232,143,10,182,63,19,82,15,67,0,5,44,24.0,9,0,16,259,104,363,37,310,16,29,167,70,61,0,65,0,0,0,0,0,0,0,0,0,0,0,0,0,0,0,0,0,0,0,0,0,0,0,0,1495,590,5,595,985,100,365,0,0,1450,1495,1.0310344827586206,329,1241,21,83,729,549.0,0.22006688963210702,0.8301003344481606,0.014046822742474917,0.05551839464882943,0.48762541806020065,0.36722408026755854,595
26,Indian Institute of Technology,Mandi,Central,2025,12.45,211,520,308,301,301,0,0,0,28,28,28,24,0,231,284,0,0,0,0,0,0,0,0,0,0,0,0,0,0,0,0,2053,1075,270,1345,21,1321,3,327,683,317,346,23,324,54,14,68,1,67,0,23,26,7.0,14,0,28,371,144,515,30,484,1,22,254,97,179,0,0,0,0,0,0,0,0,0,0,0,0,0,0,0,0,0,0,0,0,0,0,0,0,0,0,1928,672,48,720,1430,108,515,0,0,2053,1928,0.939113492450073,428,1872,4,372,963,983.0,0.22199170124481327,0.970954356846473,0.002074688796680498,0.19294605809128632,0.4994813278008299,0.5098547717842323,720
27,Indian Institute of Technology,Jodhpur,Central,2025,12.5,289,510,530,490,490,0,0,0,0,0,0,0,0,276,229,0,0,0,0,11,0,0,0,0,0,0,0,0,0,0,0,2536,1565,365,1930,429,1501,0,291,967,155,663,44,396,0,0,0,0,0,0,0,0,0.0,0,0,0,347,107,454,50,404,0,115,208,2,69,4,248,7,4,11,1,10,0,7,1,0,0,0,8,0,0,0,0,0,0,0,0,0,0,0,0,2395,788,132,920,2020,0,505,11,0,2536,2395,0.9444006309148265,476,1915,0,413,1176,937.0,0.1987473903966597,0.7995824634655533,0.0,0.17244258872651358,0.4910229645093946,0.39123173277661794,920
28,National Institute of Technology,Warangal,Central,2025,16.16,398,929,989,989,945,0,0,0,0,0,0,0,0,688,688,0,0,0,0,0,0,0,0,0,0,0,0,0,0,0,0,5228,3162,894,4056,1846,1845,365,691,2026,281,1730,36,670,0,0,0,0,0,0,0,0,0.0,0,0,0,810,231,1041,365,665,11,84,517,6,217,0,378,0,0,0,0,0,0,0,0,0,0,0,0,0,0,0,0,0,0,0,0,0,0,0,0,5097,478,355,833,3852,0,1376,0,0,5228,5097,0.9749426166794185,1125,2510,376,775,2543,2270.0,0.22071806945261918,0.4924465371787326,0.07376888365705317,0.15205022562291545,0.4989209338826761,0.44536001569550715,833
29,Thapar University,Patiala,Private,2025,18.0,731,2500,2500,2500,2395,0,0,0,0,0,0,0,0,276,300,0,0,0,0,0,0,0,0,0,0,0,0,0,0,0,0,10471,6460,3635,10095,3098,6866,131,495,787,84,1192,0,6,0,0,0,0,0,0,0,0,0.0,0,0,0,221,168,389,134,253,2,40,141,40,136,0,5,0,0,0,0,0,0,0,0,0,0,0,0,0,0,0,0,0,0,0,0,0,0,0,0,10484,469,26,495,9895,0,576,0,0,10471,10484,1.0012415242097221,3803,7119,133,535,928,1452.0,0.36274322777565815,0.6790347195726821,0.012685997710797406,0.051030141167493326,0.08851583365127814,0.1384967569629912,495
30,Delhi Technological University,New Delhi,State,2025,19.0,878,2529,2529,2529,2529,0,0,0,0,0,0,0,0,435,350,0,0,0,0,0,0,0,0,0,0,0,0,0,0,0,0,10901,8979,1452,10431,4923,5031,477,216,4946,542,829,52,3739,0,0,0,0,0,0,0,0,0.0,0,0,0,404,103,507,77,406,24,34,167,191,8,2,0,0,0,0,0,0,0,0,0,0,0,0,0,0,0,0,0,0,0,0,0,0,0,0,0,10938,753,556,1309,10116,0,785,0,0,10901,10938,1.0033941840198146,1555,5437,501,250,5113,1624.0,0.14216492960321814,0.4970744194551106,0.0458036204059243,0.022856098006948253,0.46745291643810566,0.14847321265313584,1309
31,Chandigarh University,Punjab,Private,2025,17.88,999,3936,3210,3240,3240,0,0,65,86,0,0,0,0,244,226,0,0,0,0,0,0,0,0,0,0,0,0,0,0,0,0,14247,6698,6811,13509,1491,11038,980,2409,1499,273,1557,0,2078,93,58,151,31,114,6,26,28,12.0,8,0,34,241,229,470,46,347,77,48,31,11,37,0,31,0,0,0,0,0,0,0,0,0,0,0,0,0,0,0,0,0,0,0,0,0,0,0,0,14130,429,75,504,13626,151,470,0,0,14247,14130,0.9917877447883765,7098,11499,1063,2483,1558,1898.0,0.5023354564755839,0.8138004246284501,0.07523000707714084,0.17572540693559802,0.11026185421089879,0.1343241330502477,504
32,Indian Institute of Technology Ropar,Rupnagar,Central,2025,11.7,181,430,395,370,370,0,0,0,0,0,0,0,0,333,287,0,0,0,0,0,0,0,0,16,0,0,0,0,0,0,0,2201,1211,303,1514,135,1379,0,485,726,17,736,0,458,0,0,0,0,0,0,0,0,0.0,0,0,0,305,51,356,15,322,19,32,171,0,1,0,202,11,3,14,0,14,0,1,8,0,4,0,5,0,0,0,0,0,0,0,0,0,0,0,0,1884,917,56,973,1565,0,620,16,0,2201,1884,0.8559745570195366,357,1715,19,518,905,758.0,0.18949044585987262,0.9102972399150743,0.010084925690021231,0.2749469214437367,0.48036093418259024,0.4023354564755839,973
33,Kalasingham Academy of Research and Education,Krishnan Koil,Deemed,2025,16.49,489,1803,1719,1590,1470,0,0,0,0,0,0,0,0,108,108,0,0,0,0,0,0,0,0,0,0,0,0,0,0,0,0,6798,3135,3438,6573,1551,4800,222,1230,5018,110,2800,303,3035,0,0,0,0,0,0,0,0,0.0,0,0,0,85,134,219,73,146,0,59,121,18,67,23,72,0,0,0,0,0,0,0,0,0,0,0,0,0,0,0,0,0,0,0,0,0,0,0,0,6792,416,101,517,6582,0,216,0,0,6798,6792,0.999117387466902,3572,4946,222,1289,5139,3321.0,0.5259128386336867,0.7282096584216725,0.03268551236749117,0.18978209658421671,0.7566254416961131,0.48895759717314485,517
34,Aligarh Muslim University,Aligarh,Central,2025,11.0,217,365,365,365,365,0,0,0,0,0,0,0,0,349,325,0,0,0,0,0,0,0,0,0,0,0,0,0,0,0,0,2134,1565,316,1881,1480,399,2,698,613,495,60,115,641,0,0,0,0,0,0,0,0,0.0,0,0,0,463,105,568,452,111,5,111,165,142,1,9,124,0,0,0,0,0,0,0,0,0,0,0,0,0,0,0,0,0,0,0,0,0,0,0,0,2449,210,23,233,1460,0,674,0,0,2134,2449,1.147610121836926,421,510,7,809,778,822.0,0.17190690077582688,0.20824826459779502,0.0028583095140873828,0.3303389138423847,0.3176806859942834,0.3356472029399755,233
35,Koneru Lakshmaiah Education Foundation University (K L College of Engineering),Vaddeswaram,Deemed,2025,18.65,942,3510,3420,3060,3180,0,0,0,0,0,0,0,0,162,252,0,0,0,0,0,0,0,0,0,0,0,0,0,0,0,0,13584,6313,6544,12857,4827,7572,458,937,1542,0,1154,0,1325,0,0,0,0,0,0,0,0,0.0,0,0,0,209,205,414,192,216,6,18,87,5,44,0,56,0,0,0,0,0,0,0,0,0,0,0,0,0,0,0,0,0,0,0,0,0,0,0,0,13271,503,438,941,13170,0,414,0,0,13584,13271,0.9769581861012956,6749,7788,464,955,1629,1203.0,0.5085524828573581,0.5868434933313239,0.034963454148142566,0.07196141963680205,0.12274885087785396,0.09064878306080928,941
36,Kalinga Institute of Industrial Technology,Bhubaneswar,Deemed,2025,20.0,1078,3300,3300,3300,3300,0,0,0,0,0,0,0,0,212,212,0,0,0,0,0,0,0,0,0,0,0,0,0,0,0,0,13624,6826,6836,13662,97,12467,1098,30,2293,338,753,840,392,0,0,0,0,0,0,0,0,0.0,0,0,0,91,133,224,8,174,42,51,29,8,72,0,0,0,0,0,0,0,0,0,0,0,0,0,0,0,0,0,0,0,0,0,0,0,0,0,0,13886,1306,0,1306,13200,0,424,0,0,13624,13886,1.0192307692307692,6969,12641,1140,81,2322,2011.0,0.5018723894570071,0.9103413510010082,0.0820970761918479,0.00583321330836814,0.16721878150655337,0.14482212300158434,1306
37,Amity University,Gautam Budh Nagar,Private,2025,13.6,409,1830,1775,1450,1140,0,0,0,0,0,0,0,0,297,277,0,0,0,0,0,0,0,0,0,0,70,100,75,45,60,0,7119,3159,1903,5062,1336,3692,34,111,748,0,89,0,770,0,0,0,0,0,0,0,0,0.0,0,0,0,183,106,289,106,177,6,58,76,0,5,0,129,0,0,0,0,0,0,0,0,0,0,0,0,123,115,238,60,175,3,6,36,0,4,0,38,5589,341,662,1003,6195,0,574,0,350,7119,5589,0.7850821744627055,2124,4044,43,175,860,98.0,0.38003220611916266,0.7235641438539989,0.007693684022186438,0.031311504741456435,0.15387368044372876,0.0175344426552156,1003
38,International Institute of Information Technology Hyderabad,Hyderabad,Autonomous,2025,9.08,141,200,210,210,205,0,0,110,120,120,105,121,0,135,180,0,0,0,0,0,0,0,0,0,0,0,0,0,0,0,0,1716,558,207,765,159,487,119,72,85,0,89,1,67,478,92,570,84,464,22,94,56,14.0,102,34,0,237,49,286,49,237,0,53,52,25,16,0,64,0,0,0,0,0,0,0,0,0,0,0,0,0,0,0,0,0,0,0,0,0,0,0,0,1621,128,40,168,825,576,315,0,0,1716,1621,0.9446386946386947,348,1188,141,219,193,281.0,0.2146822948797039,0.7328809376927823,0.08698334361505243,0.135101789019124,0.11906230721776681,0.17334978408389884,168
39,Indian Institute of Technology Bhubaneswar,Bhubaneshwar,Central,2025,11.05,201,353,355,355,355,0,0,123,120,120,120,108,0,296,246,0,0,0,0,0,0,0,0,0,0,0,0,0,0,0,0,2551,1069,272,1341,61,1280,0,158,690,338,273,9,228,436,112,548,28,520,0,55,287,132.0,154,0,56,334,58,392,60,330,2,33,210,63,180,0,0,0,0,0,0,0,0,0,0,0,0,0,0,0,0,0,0,0,0,0,0,0,0,0,0,2281,450,0,450,1418,591,542,0,0,2551,2281,0.8941591532732261,442,2130,2,246,1187,1149.0,0.19377466023673828,0.9338009644892591,0.0008768084173608067,0.10784743533537922,0.5203857957036387,0.5037264357737834,450
40,Shanmugha Arts Science Technology & Research Academy,Thanjavur,Deemed,2025,17.5,680,2605,2220,1980,1920,0,0,0,0,0,0,0,0,99,81,0,0,0,0,0,0,0,0,0,0,76,48,48,48,48,0,9173,4861,4104,8965,2187,7658,20,2618,1924,160,2744,24,1614,0,0,0,0,0,0,0,0,0.0,0,0,0,112,74,186,154,32,0,51,45,10,5,3,78,0,0,0,0,0,0,0,0,0,0,0,0,69,149,218,201,17,0,68,43,3,8,2,98,9369,652,112,764,8725,0,180,0,268,9173,9369,1.021367055488935,4327,7707,20,2737,2012,2959.0,0.4618422457039172,0.8226064681396094,0.002134699541039599,0.2921336321912691,0.21475077382858362,0.3158287970968086,764
41,Institute of Chemical Technology,Mumbai,Deemed,2025,11.5,183,211,211,211,211,0,0,0,0,0,0,0,0,385,385,0,0,0,0,0,0,0,0,0,0,120,120,120,120,120,0,2214,669,271,940,827,110,3,119,319,258,0,51,129,0,0,0,0,0,0,0,0,0.0,0,0,0,310,270,580,413,167,0,15,338,270,0,0,83,423,147,570,340,230,0,6,256,19,0,0,243,0,0,0,0,0,0,0,0,0,0,0,0,2090,334,55,389,844,0,770,0,600,2214,2090,0.9439927732610659,688,507,3,140,913,598.0,0.3291866028708134,0.24258373205741626,0.0014354066985645933,0.06698564593301436,0.4368421052631579,0.2861244019138756,389
42,Malaviya National Institute of Technology,Jaipur,Central,2025,15.39,328,811,811,811,832,0,0,0,0,0,0,0,0,404,511,0,0,0,0,0,0,0,0,0,0,0,0,0,0,0,0,4180,2634,701,3335,1593,1672,70,292,1615,47,1483,8,369,0,0,0,0,0,0,0,0,0.0,0,0,0,504,127,631,271,358,2,43,281,0,324,0,0,0,0,0,0,0,0,0,0,0,0,0,0,0,0,0,0,0,0,0,0,0,0,0,0,3966,559,260,819,3265,0,915,0,0,4180,3966,0.9488038277511962,828,2030,72,335,1896,1862.0,0.2087745839636914,0.5118507312153303,0.018154311649016642,0.08446797781139688,0.47806354009077157,0.4694906707009581,819
43,UPES ,Dehradun,Private,2025,15.5,497,2225,1470,1205,1260,0,0,0,0,0,0,0,0,75,225,0,0,0,0,0,0,0,0,0,0,0,0,0,0,0,0,6460,4937,1516,6453,1346,5100,7,985,387,0,48,0,1324,0,0,0,0,0,0,0,0,0.0,0,0,0,106,20,126,17,109,0,7,25,0,0,0,32,0,0,0,0,0,0,0,0,0,0,0,0,0,0,0,0,0,0,0,0,0,0,0,0,6579,165,94,259,6160,0,300,0,0,6460,6579,1.018421052631579,1536,5209,7,992,412,48.0,0.23347013223894209,0.7917616659066727,0.0010639914880680955,0.1507827937376501,0.06262349901200791,0.00729594163246694,259
44,"Visvesvaraya National Institute of Technology, Nagpur",Nagpur,Central,2025,13.31,266,855,855,855,855,0,0,0,0,0,0,0,0,434,434,0,0,0,0,0,0,0,0,0,0,0,0,0,0,0,0,4288,2541,693,3234,1496,1670,68,376,1773,716,789,2,642,0,0,0,0,0,0,0,0,0.0,0,0,0,337,114,451,246,205,0,31,267,102,0,0,196,0,0,0,0,0,0,0,0,0,0,0,0,0,0,0,0,0,0,0,0,0,0,0,0,3685,429,109,538,3420,0,868,0,0,4288,3685,0.859375,807,1875,68,407,2040,1609.0,0.21899592944369065,0.508819538670285,0.018453188602442334,0.11044776119402985,0.55359565807327,0.43663500678426054,538
45,Saveetha Institute of Medical and Technical Sciences,Chennai,Deemed,2025,16.02,621,2910,1410,1410,1800,0,0,0,0,0,0,0,0,306,90,0,0,0,0,0,0,0,0,0,0,0,0,0,0,0,0,7926,3934,3376,7310,1730,5573,7,780,1671,12,1878,53,508,0,0,0,0,0,0,0,0,0.0,0,0,0,220,116,336,134,200,2,37,146,0,127,3,53,0,0,0,0,0,0,0,0,0,0,0,0,0,0,0,0,0,0,0,0,0,0,0,0,7646,293,352,645,7530,0,396,0,0,7926,7646,0.9646732273530154,3492,5773,9,817,1817,2073.0,0.4567093905309966,0.7550353125817421,0.0011770860580695788,0.10685325660476067,0.2376405963902694,0.27112215537535966,645
46,Symbiosis International,Pune,Deemed,2025,10.8,183,600,600,600,540,0,0,0,0,0,0,0,0,126,96,0,0,0,0,0,0,0,0,0,0,0,0,0,0,0,0,2562,1730,639,2369,1267,973,129,0,109,50,51,0,8,0,0,0,0,0,0,0,0,0.0,0,0,0,103,33,136,91,45,0,0,15,0,10,0,5,0,0,0,0,0,0,0,0,0,0,0,0,0,0,0,0,0,0,0,0,0,0,0,0,2505,226,44,270,2340,0,222,0,0,2562,2505,0.977751756440281,672,1018,129,0,124,111.0,0.2682634730538922,0.4063872255489022,0.05149700598802395,0.0,0.04950099800399202,0.04431137724550898,270
47,Sri Sivasubramaniya Nadar College of Engineering,Kalavakkam,Private,2025,12.5,340,840,840,780,780,0,0,0,0,0,0,0,0,162,180,0,0,0,0,0,0,0,0,0,0,60,0,0,0,0,0,3642,2316,1278,3594,3014,507,73,484,2197,668,1010,462,541,0,0,0,0,0,0,0,0,0.0,0,0,0,58,43,101,93,8,0,9,74,15,18,10,40,0,0,0,0,0,0,0,0,0,0,0,0,42,20,62,49,13,0,13,30,6,8,8,21,3757,232,248,480,3240,0,342,0,60,3642,3757,1.0315760571114772,1341,528,73,506,2301,2205.0,0.3569337237157306,0.14053766302901252,0.01943039659302635,0.13468192706947033,0.6124567474048442,0.586904445035933,480
48,Lovely Professional University,Phagwara,Private,2025,18.0,1077,4710,6095,3085,4150,0,0,0,0,0,0,0,0,123,96,0,0,0,0,0,0,0,0,0,0,0,0,0,25,20,0,18304,15594,3046,18640,869,17191,580,8419,267,313,2676,0,5697,0,0,0,0,0,0,0,0,0.0,0,0,0,140,59,199,8,170,21,109,5,7,90,0,17,0,0,0,0,0,0,0,0,0,0,0,0,37,4,41,0,40,1,8,0,0,7,0,1,18880,351,309,660,18040,0,219,0,45,18304,18880,1.0314685314685315,3109,17401,602,8536,272,3093.0,0.16467161016949153,0.9216631355932203,0.03188559322033898,0.4521186440677966,0.01440677966101695,0.16382415254237287,660
49,National Institute of Technology Durgapur,Durgapur,Central,2025,14.07,283,876,876,876,876,0,0,14,14,14,14,10,0,305,305,0,0,0,0,0,0,0,0,0,0,0,0,0,0,0,0,4180,2680,767,3447,1381,1989,77,551,1695,451,1788,7,0,35,18,53,28,25,0,8,31,3.0,36,0,0,263,92,355,117,235,3,27,215,0,242,0,0,0,0,0,0,0,0,0,0,0,0,0,0,0,0,0,0,0,0,0,0,0,0,0,0,3855,424,190,614,3504,66,610,0,0,4180,3855,0.9222488038277512,877,2249,80,586,1941,2527.0,0.22749675745784695,0.5833981841763943,0.020752269779507133,0.15201037613488974,0.5035019455252918,0.6555123216601816,614
50,National Institute of Technology Silchar,Silchar,Central,2025,14.42,257,825,825,825,825,0,0,0,0,0,0,0,0,368,368,0,0,0,0,0,0,0,0,0,0,0,0,0,0,0,0,4036,2848,674,3522,1691,1699,132,798,1789,575,1056,1,955,0,0,0,0,0,0,0,0,0.0,0,0,0,253,66,319,131,185,3,16,151,3,82,0,82,0,0,0,0,0,0,0,0,0,0,0,0,0,0,0,0,0,0,0,0,0,0,0,0,3841,315,331,646,3300,0,736,0,0,4036,3841,0.9516848364717542,740,1884,135,814,1940,1717.0,0.1926581619369956,0.49049726633689145,0.03514709711012757,0.21192397813069513,0.5050768029159073,0.4470190054673262,646
51,Birla Institute of Technology,Ranchi,Deemed,2025,18.5,280,930,840,780,780,0,0,0,0,0,0,0,0,220,190,0,0,0,0,0,0,0,0,0,0,0,0,0,0,0,0,3740,3064,436,3500,1998,1438,74,631,1219,446,108,43,1253,0,0,0,0,0,0,0,0,0.0,0,0,0,164,59,223,73,150,0,10,50,14,1,0,45,0,0,0,0,0,0,0,0,0,0,0,0,0,0,0,0,0,0,0,0,0,0,0,0,3723,352,82,434,3330,0,410,0,0,3740,3723,0.9954545454545455,495,1588,74,641,1269,612.0,0.13295729250604352,0.42653773838302445,0.0198764437281762,0.17217297878055332,0.3408541498791297,0.1643835616438356,434
52,Graphic Era University,Dehradun,Private,2025,13.45,360,1350,1110,1110,1110,0,0,0,0,0,0,0,0,90,90,0,0,0,0,0,0,0,0,0,0,0,0,0,0,0,0,4860,3236,1431,4667,2167,2450,50,280,742,0,280,0,742,0,0,0,0,0,0,0,0,0.0,0,0,0,63,28,91,63,28,0,20,17,0,20,0,17,0,0,0,0,0,0,0,0,0,0,0,0,0,0,0,0,0,0,0,0,0,0,0,0,4758,54,220,274,4680,0,180,0,0,4860,4758,0.9790123456790123,1459,2478,50,300,759,300.0,0.3066414459857083,0.5208070617906684,0.010508617065994116,0.06305170239596469,0.15952080706179067,0.06305170239596469,274
53,National Institute of Technology Patna,Patna,Central,2025,12.3,173,746,753,759,766,0,0,0,0,0,0,0,0,265,238,0,0,0,0,0,0,0,0,0,0,0,0,0,0,0,0,3527,2320,570,2890,1719,1154,17,878,1653,564,1769,198,0,0,0,0,0,0,0,0,0,0.0,0,0,0,208,27,235,133,102,0,20,103,0,0,0,123,0,0,0,0,0,0,0,0,0,0,0,0,0,0,0,0,0,0,0,0,0,0,0,0,3125,333,1009,1342,3024,0,503,0,0,3527,3125,0.8860221151119932,597,1256,17,898,1756,2531.0,0.19104,0.40192,0.00544,0.28736,0.56192,0.80992,1342
54,"Indian Institute of Engineering Science and Technology, Shibpur",Howrah,Central,2025,12.27,279,740,740,740,740,0,0,0,0,0,0,0,0,420,426,0,0,0,0,0,0,0,0,0,0,0,0,0,0,0,0,3806,2192,572,2764,1304,1421,39,344,1317,527,859,80,195,0,0,0,0,0,0,0,0,0.0,0,0,0,197,38,235,176,59,0,17,91,51,0,0,57,0,0,0,0,0,0,0,0,0,0,0,0,0,0,0,0,0,0,0,0,0,0,0,0,2999,747,0,747,2960,0,846,0,0,3806,2999,0.7879663688912244,610,1480,39,361,1408,1517.0,0.20340113371123708,0.49349783261087027,0.01300433477825942,0.1203734578192731,0.46948982994331445,0.5058352784261421,747
55,"Dr. B R Ambedkar National Institute of Technology, Jalandhar",Jalandhar,Central,2025,14.0,397,1103,1112,1117,1117,0,0,0,0,0,0,0,0,380,634,0,0,0,0,0,0,0,0,0,0,0,0,0,0,0,0,5463,3444,999,4459,1867,2576,16,694,2312,0,2180,0,826,0,0,0,0,0,0,0,0,0.0,0,0,0,307,90,397,42,355,0,47,165,0,212,0,0,0,0,0,0,0,0,0,0,0,0,0,0,0,0,0,0,0,0,0,0,0,0,0,0,4856,242,236,478,4449,0,1014,0,0,5463,4856,0.8888888888888888,1089,2931,16,741,2477,2392.0,0.22425864909390444,0.6035831960461285,0.0032948929159802307,0.15259472817133443,0.5100906095551895,0.4925864909390445,478
56,Indian Institute of Technology Jammu,Jammu,Central,2025,7.95,138,280,240,240,237,0,0,0,0,0,0,0,0,174,92,0,0,0,0,30,48,8,0,0,0,0,0,0,0,0,0,1349,678,171,849,29,820,0,145,446,4,355,0,232,0,0,0,0,0,0,0,0,0.0,0,0,0,162,19,181,18,163,0,0,82,0,32,0,50,0,0,0,0,0,0,0,0,0,0,0,0,32,9,41,4,37,0,0,19,0,4,0,15,1071,208,5,213,997,0,266,86,0,1349,1071,0.7939214232765011,199,1020,0,145,547,395.0,0.1858076563958917,0.9523809523809523,0.0,0.1353874883286648,0.5107376283846872,0.36881419234360413,213
57,"Indian Institute of Technology, Tirupati",Tirupati,Central,2025,8.71,124,244,237,237,237,0,0,0,0,0,0,0,0,155,103,0,0,0,0,0,0,0,0,0,0,0,0,0,0,0,0,1213,721,185,906,350,556,0,108,473,205,322,8,46,0,0,0,0,0,0,0,0,0.0,0,0,0,145,35,180,57,122,1,29,107,0,36,0,100,0,0,0,0,0,0,0,0,0,0,0,0,0,0,0,0,0,0,0,0,0,0,0,0,1086,148,27,175,955,0,258,0,0,1213,1086,0.8953009068425392,220,678,1,137,580,571.0,0.20257826887661143,0.6243093922651933,0.0009208103130755065,0.1261510128913444,0.5340699815837937,0.5257826887661142,175
58,Manipal University,Jaipur,Deemed,2025,14.84,647,3180,2460,2130,1410,0,0,0,0,0,0,0,0,60,84,0,0,0,0,0,0,0,0,0,0,0,0,0,0,0,0,9324,5257,3580,8837,695,7812,330,38,148,2,84,0,100,0,0,0,0,0,0,0,0,0.0,0,0,0,21,9,30,9,21,0,6,0,0,6,0,0,0,0,0,0,0,0,0,0,0,0,0,0,0,0,0,0,0,0,0,0,0,0,0,0,8867,237,158,395,9180,0,144,0,0,9324,8867,0.950986700986701,3589,7833,330,44,148,92.0,0.40475921957821137,0.8833878425623097,0.03721664599075223,0.00496221946543363,0.016691101838276757,0.010375549791361228,395
59,Manipal Institute of Technology,Manipal,Deemed,2025,15.89,735,2400,2340,2280,2040,0,0,0,0,0,0,0,0,775,775,0,0,0,0,0,0,0,0,0,0,0,0,0,0,0,0,10610,6306,1920,8226,1704,6366,156,436,37,33,375,4,61,0,0,0,0,0,0,0,0,0.0,0,0,0,549,341,890,620,269,1,31,41,29,34,0,9,0,0,0,0,0,0,0,0,0,0,0,0,0,0,0,0,0,0,0,0,0,0,0,0,9116,370,102,472,9060,0,1550,0,0,10610,9116,0.8591894439208294,2261,6635,157,467,78,475.0,0.24802544975866608,0.7278411584028083,0.017222465993856954,0.051228609039052214,0.008556384379113647,0.05210618692408951,472
60,Madan Mohan Malaviya University of Technology,Gorakhpur,State,2025,13.5,243,780,780,780,720,0,0,0,0,0,0,0,0,108,108,0,0,0,0,0,0,0,0,0,0,0,0,0,0,0,0,3276,1608,1452,3060,1646,1406,8,674,1560,536,1672,26,0,0,0,0,0,0,0,0,0,0.0,0,0,0,111,105,216,127,89,0,48,110,39,119,0,0,0,0,0,0,0,0,0,0,0,0,0,0,0,0,0,0,0,0,0,0,0,0,0,0,3276,316,0,316,3060,0,216,0,0,3276,3276,1.0,1557,1495,8,722,1670,2392.0,0.47527472527472525,0.45634920634920634,0.002442002442002442,0.22039072039072038,0.5097680097680097,0.7301587301587301,316
61,Indian Institute of Space Science and Technology,Thiruvananthpuram,Central,2025,8.65,103,144,144,134,132,0,0,24,24,22,22,22,0,255,255,0,0,0,0,0,0,0,0,0,0,0,0,0,0,0,0,1178,464,60,524,35,489,0,84,250,103,155,0,76,89,10,99,9,90,0,13,53,24.0,26,0,16,194,70,264,42,222,0,12,117,120,9,0,0,0,0,0,0,0,0,0,0,0,0,0,0,0,0,0,0,0,0,0,0,0,0,0,0,887,256,109,365,554,114,510,0,0,1178,887,0.7529711375212224,140,801,0,109,420,437.0,0.15783540022547915,0.90304396843292,0.0,0.12288613303269448,0.47350620067643745,0.4926719278466742,365
62,Motilal Nehru National Institute of Technology,Prayagraj,Central,2025,15.79,262,1104,1074,1074,1074,0,0,0,0,0,0,0,0,595,595,0,0,0,0,0,0,0,0,0,0,0,0,0,0,0,0,5516,3678,900,4578,2166,2261,151,1327,2078,1021,2262,78,44,0,0,0,0,0,0,0,0,0.0,0,0,0,535,114,649,357,292,0,61,197,258,0,0,0,0,0,0,0,0,0,0,0,0,0,0,0,0,0,0,0,0,0,0,0,0,0,0,0,5227,437,168,605,4326,0,1190,0,0,5516,5227,0.9476069615663524,1014,2553,151,1388,2275,3619.0,0.19399273005548115,0.48842548306868183,0.02888846374593457,0.26554428926726614,0.4352400994834513,0.6923665582552133,605
63,Indraprastha Institute of Information Technology,New Delhi,Central,2025,12.0,184,480,480,480,480,0,0,0,0,0,0,0,0,240,240,0,0,0,0,0,0,0,0,0,0,0,0,0,0,0,0,2400,1972,254,2226,1248,794,184,199,930,162,38,19,910,0,0,0,0,0,0,0,0,0.0,0,0,0,352,113,465,86,378,1,21,167,5,0,2,181,0,0,0,0,0,0,0,0,0,0,0,0,0,0,0,0,0,0,0,0,0,0,0,0,2691,342,0,342,1920,0,480,0,0,2400,2691,1.12125,367,1172,185,220,1097,226.0,0.13638052768487552,0.43552582683017466,0.06874767744332962,0.08175399479747306,0.40765514678558157,0.08398364920104051,342
64,Indian Institute of Technology Palakkad,Palakkad,Central,2025,7.23,130,200,180,169,188,0,0,0,0,0,0,0,0,137,120,0,0,0,0,0,0,0,0,0,0,0,0,0,0,0,0,994,516,150,666,81,585,0,85,358,171,169,0,103,0,0,0,0,0,0,0,0,0.0,0,0,0,147,53,200,45,151,4,16,97,38,0,0,75,0,0,0,0,0,0,0,0,0,0,0,0,0,0,0,0,0,0,0,0,0,0,0,0,866,184,21,205,737,0,257,0,0,994,866,0.8712273641851107,203,736,4,101,455,378.0,0.23441108545034642,0.8498845265588915,0.004618937644341801,0.11662817551963048,0.5254041570438799,0.43648960739030024,205
65,National Institute of Technology Delhi,Delhi,Central,2025,8.5,56,362,312,182,182,0,0,0,0,0,0,0,0,113,75,0,0,0,0,0,0,0,0,0,0,0,0,0,0,0,0,1226,802,272,1074,358,684,32,758,68,687,23,112,0,0,0,0,0,0,0,0,0,0.0,0,0,0,120,68,188,34,154,0,17,78,25,58,0,12,0,0,0,0,0,0,0,0,0,0,0,0,0,0,0,0,0,0,0,0,0,0,0,0,1262,68,3,71,1038,0,188,0,0,1226,1262,1.0293637846655792,340,838,32,775,146,905.0,0.2694136291600634,0.6640253565768621,0.025356576862123614,0.6141045958795562,0.11568938193343899,0.7171156893819335,71
66,Sardar Vallabhbhai National Institute of Technology,Surat,Central,2025,13.2,283,1100,866,1017,991,0,0,0,0,0,0,0,0,475,475,0,0,0,0,0,0,0,0,0,0,0,0,0,0,0,0,4924,2863,755,3618,1727,1766,125,747,1658,807,546,8,1044,0,0,0,0,0,0,0,0,0.0,0,0,0,443,126,569,240,329,0,0,222,103,0,3,116,0,0,0,0,0,0,0,0,0,0,0,0,0,0,0,0,0,0,0,0,0,0,0,0,4187,339,248,587,3974,0,950,0,0,4924,4187,0.8503249390739236,881,2095,125,747,1880,1467.0,0.21041318366372105,0.50035825173155,0.029854310962502986,0.17840936231191784,0.4490088368760449,0.35037019345593506,587
67,PSG College of Technology,Coimbatore,Private,2025,15.19,468,1254,1254,1140,1140,0,0,180,180,180,180,180,0,270,421,0,0,0,0,0,0,0,0,0,0,0,0,0,0,0,0,6379,3287,1821,5108,4921,161,26,461,4647,860,181,2,4065,711,110,821,813,8,0,37,784,189.0,58,0,574,179,124,303,298,5,0,34,269,9,0,1,293,0,0,0,0,0,0,0,0,0,0,0,0,0,0,0,0,0,0,0,0,0,0,0,0,6232,127,219,346,4788,900,691,0,0,6379,6232,0.9769556356795736,2055,174,26,532,5700,1300.0,0.3297496790757381,0.0279204107830552,0.00417201540436457,0.08536585365853659,0.9146341463414634,0.2086007702182285,346
68,Sathyabama Institute of Science and Technology,Chennai,Private,2025,17.99,1092,2970,2730,2580,2940,0,0,0,0,0,0,0,0,150,150,0,0,0,0,0,0,0,0,0,0,0,0,0,0,0,0,11520,6608,4612,11220,1486,9608,126,1619,6412,0,1148,301,6582,0,0,0,0,0,0,0,0,0.0,0,0,0,98,193,291,93,198,0,23,151,0,133,14,27,0,0,0,0,0,0,0,0,0,0,0,0,0,0,0,0,0,0,0,0,0,0,0,0,11511,446,362,808,11220,0,300,0,0,11520,11511,0.99921875,4805,9806,126,1642,6563,1596.0,0.41742680913908436,0.8518808096603249,0.0109460516028147,0.14264616453826776,0.5701502910259751,0.1386499869689862,808
69,International Institute of Information Technology Bangalore,Bengaluru,Central,2025,8.19,77,0,0,0,0,0,0,0,0,0,0,0,0,180,180,0,0,0,0,0,0,0,0,0,0,180,180,120,120,120,0,1080,0,0,0,0,0,0,0,0,0,0,0,0,0,0,0,0,0,0,0,0,0.0,0,0,0,268,92,360,30,329,1,1,0,0,1,0,0,0,0,0,0,0,0,0,0,0,0,0,0,629,47,676,127,549,0,32,0,0,32,0,0,1036,73,21,94,0,0,360,0,720,1080,1036,0.9592592592592593,139,878,1,33,0,33.0,0.13416988416988418,0.8474903474903475,0.0009652509652509653,0.03185328185328185,0.0,0.03185328185328185,94
70,Netaji Subhas University of Technology (NSUT),Delhi,State,2025,15.48,521,2054,2005,1876,1876,0,0,0,0,0,0,0,0,150,150,0,0,0,0,0,0,0,0,0,0,0,0,0,0,0,0,8111,6051,1169,7220,4526,2474,220,748,3419,1062,1100,0,2005,0,0,0,0,0,0,0,0,0.0,0,0,0,191,87,278,109,169,0,17,86,0,0,0,103,0,0,0,0,0,0,0,0,0,0,0,0,0,0,0,0,0,0,0,0,0,0,0,0,7498,296,0,296,7811,0,300,0,0,8111,7498,0.9244236222414006,1256,2643,220,765,3505,2162.0,0.1675113363563617,0.35249399839957324,0.029341157642037877,0.10202720725526807,0.46745798879701256,0.2883435582822086,296
71,Banasthali Vidyapith,Banasthali,Deemed,2025,10.89,312,1050,1050,930,930,0,0,0,0,0,0,0,0,144,198,0,0,0,0,0,0,0,0,0,0,0,0,0,0,0,0,4302,0,3146,3146,251,2851,44,1792,693,113,838,43,1491,0,0,0,0,0,0,0,0,0.0,0,0,0,0,41,41,2,39,0,21,5,1,17,0,8,0,0,0,0,0,0,0,0,0,0,0,0,0,0,0,0,0,0,0,0,0,0,0,0,3187,231,0,231,3960,0,342,0,0,4302,3187,0.7408182240818224,3187,2890,44,1813,698,1012.0,1.0,0.9068089112017571,0.013806087229369313,0.5688735487919674,0.21901474741135865,0.31754000627549417,231
72,Indian Institute of Technology Bhilai,Durg,Central,2025,6.22,77,230,190,170,170,0,0,0,0,0,0,0,0,130,69,0,0,0,0,0,0,0,0,0,0,0,0,0,0,0,0,959,594,153,747,25,722,0,88,387,7,322,0,146,0,0,0,0,0,0,0,0,0.0,0,0,0,71,17,88,17,71,0,12,51,0,63,0,0,0,0,0,0,0,0,0,0,0,0,0,0,0,0,0,0,0,0,0,0,0,0,0,0,835,74,12,86,760,0,199,0,0,959,835,0.8706986444212722,170,793,0,100,438,392.0,0.20359281437125748,0.9497005988023952,0.0,0.11976047904191617,0.5245508982035928,0.4694610778443114,86
73,National Institute of Technology Srinagar,Srinagar,Central,2025,13.01,222,899,899,899,778,0,0,0,0,0,0,0,0,250,250,0,0,0,0,0,0,0,0,0,0,0,0,0,0,0,0,3975,2583,861,3444,1456,1988,0,1225,1914,0,2721,276,142,0,0,0,0,0,0,0,0,0.0,0,0,0,225,122,347,232,115,0,231,69,113,101,35,51,0,0,0,0,0,0,0,0,0,0,0,0,0,0,0,0,0,0,0,0,0,0,0,0,3791,330,30,360,3475,0,500,0,0,3975,3791,0.9537106918238993,983,2103,0,1456,1983,3246.0,0.25929833816934844,0.5547348984436824,0.0,0.38406752835663416,0.5230809812714323,0.8562384595093643,360
74,University of Hyderabad,Hyderabad,State,2025,4.61,59,0,0,0,0,0,0,0,0,0,0,0,0,61,274,0,0,0,0,0,0,0,0,0,0,37,38,29,30,21,0,490,0,0,0,0,0,0,0,0,0,0,0,0,0,0,0,0,0,0,0,0,0.0,0,0,0,78,57,135,32,99,4,7,66,0,1,0,72,0,0,0,0,0,0,0,0,0,0,0,0,121,28,149,83,58,8,25,87,0,35,0,77,284,180,12,192,0,0,335,0,155,490,284,0.5795918367346938,85,157,12,32,153,36.0,0.2992957746478873,0.5528169014084507,0.04225352112676056,0.11267605633802817,0.5387323943661971,0.1267605633802817,192
75,M. S. Ramaiah Institute of Technology,Bengaluru,State,2025,14.5,398,1401,1260,1260,1080,0,0,0,0,0,0,0,0,180,264,0,0,0,0,0,0,0,0,0,0,0,0,0,0,0,0,5445,3130,1684,4814,2861,1834,119,524,1115,1391,50,0,198,0,0,0,0,0,0,0,0,0.0,0,0,0,111,115,226,215,11,0,80,45,112,0,0,13,0,0,0,0,0,0,0,0,0,0,0,0,0,0,0,0,0,0,0,0,0,0,0,0,5040,140,217,357,5001,0,444,0,0,5445,5040,0.9256198347107438,1799,1845,119,604,1160,1553.0,0.35694444444444445,0.36607142857142855,0.02361111111111111,0.11984126984126985,0.23015873015873015,0.30813492063492065,357
76,Christ University,Bengaluru,Deemed,2025,10.15,216,780,780,660,660,0,0,0,0,0,0,0,0,84,84,0,0,0,0,0,0,0,0,0,0,0,0,0,0,0,0,3048,1964,720,2684,592,2073,19,276,269,12,391,3,139,0,0,0,0,0,0,0,0,0.0,0,0,0,84,34,118,42,76,0,22,39,0,35,1,25,0,0,0,0,0,0,0,0,0,0,0,0,0,0,0,0,0,0,0,0,0,0,0,0,2802,35,97,132,2880,0,168,0,0,3048,2802,0.9192913385826772,754,2149,19,298,308,442.0,0.2690935046395432,0.7669521770164168,0.006780870806566738,0.10635260528194147,0.10992148465381871,0.15774446823697358,132
77,Indian Institute of Technology Dharwad,Dharwad,Central,2025,8.04,112,248,251,180,170,0,0,57,58,0,0,0,0,56,22,0,0,0,0,11,60,19,0,0,0,0,0,0,0,0,0,1132,618,153,771,62,709,0,111,408,191,179,0,149,45,7,52,0,52,0,8,28,17.0,14,0,5,40,8,48,9,39,0,4,25,29,0,0,0,0,0,0,0,0,0,0,0,0,0,0,0,34,6,40,8,32,0,3,11,14,0,0,0,911,148,4,152,849,115,78,90,0,1132,911,0.8047703180212014,174,832,0,126,472,444.0,0.19099890230515917,0.9132821075740944,0.0,0.13830954994511527,0.5181119648737651,0.48737650933040616,152
78,Rajiv Gandhi Institute of Petroleum Technology,Amethi,Central,2025,9.5,118,429,409,207,182,0,0,0,0,0,0,0,0,9,7,0,0,0,0,0,0,0,0,0,0,41,0,0,0,0,0,1284,1045,182,1227,458,762,7,246,530,115,82,6,573,0,0,0,0,0,0,0,0,0.0,0,0,0,13,3,16,10,6,0,0,7,0,1,0,6,0,0,0,0,0,0,0,0,0,0,0,0,27,14,41,18,23,0,9,24,2,6,1,24,1284,168,62,230,1227,0,16,0,41,1284,1284,1.0,199,791,7,255,561,213.0,0.15498442367601245,0.6160436137071651,0.005451713395638629,0.1985981308411215,0.4369158878504673,0.1658878504672897,230
79,Sant Longowal Institute of Engineering & Technology,Longowal,Central,2025,10.0,169,237,237,237,237,0,0,0,0,0,0,0,0,110,110,0,0,0,0,0,0,0,0,0,0,0,0,0,0,0,0,1168,1588,344,1932,188,1744,0,481,686,381,119,0,667,0,0,0,0,0,0,0,0,0.0,0,0,0,45,35,80,20,60,0,5,33,36,0,0,2,0,0,0,0,0,0,0,0,0,0,0,0,0,0,0,0,0,0,0,0,0,0,0,0,2012,76,65,141,948,0,220,0,0,1168,2012,1.7226027397260273,379,1804,0,486,719,536.0,0.18836978131212723,0.8966202783300199,0.0,0.2415506958250497,0.3573558648111332,0.2664015904572565,141
80,"Vignan's Foundation for Science, Technology and Research",Guntur,Private,2025,17.3,610,2580,1830,1800,1830,0,0,0,0,0,0,0,0,180,162,0,0,0,0,0,0,0,0,0,0,0,0,0,0,0,0,8382,4244,3745,7989,3751,3876,362,2329,2147,253,2367,1163,693,0,0,0,0,0,0,0,0,0.0,0,0,0,136,135,271,145,120,6,64,67,19,89,10,13,0,0,0,0,0,0,0,0,0,0,0,0,0,0,0,0,0,0,0,0,0,0,0,0,8260,512,143,655,8040,0,342,0,0,8382,8260,0.9854450011930327,3880,3996,368,2393,2214,3901.0,0.46973365617433416,0.4837772397094431,0.04455205811138015,0.2897094430992736,0.26803874092009683,0.47227602905569005,655
81,Maulana Azad National Institute of Technology,Bhopal,Central,2025,14.72,263,1021,1021,1021,1021,0,0,0,0,0,0,0,0,578,578,0,0,0,0,0,0,0,0,0,0,30,30,30,0,0,0,5330,3210,848,4058,1989,2010,59,588,1998,2056,323,174,33,0,0,0,0,0,0,0,0,0.0,0,0,0,342,136,478,192,286,0,40,263,111,0,0,192,0,0,0,0,0,0,0,0,0,0,0,0,68,22,90,44,44,2,14,49,38,14,0,11,4626,475,0,475,4084,0,1156,0,90,5330,4626,0.8679174484052533,1006,2340,61,642,2310,2716.0,0.21746649373108518,0.5058365758754864,0.013186338089061824,0.13878080415045396,0.4993514915693904,0.587116299178556,475
82,"National Institute of Technology, Jamshedpur",Jamshedpur,Central,2025,12.14,221,751,751,751,751,0,0,0,0,0,0,0,0,320,432,0,0,0,0,0,0,0,0,0,0,0,0,0,0,0,0,3756,2150,829,2979,1258,1686,35,414,1689,251,1832,16,4,0,0,0,0,0,0,0,0,0.0,0,0,0,173,117,290,47,243,0,52,172,115,106,0,3,0,0,0,0,0,0,0,0,0,0,0,0,0,0,0,0,0,0,0,0,0,0,0,0,3269,251,27,278,3004,0,752,0,0,3756,3269,0.8703407880724174,946,1929,35,466,1861,2320.0,0.28938513306821656,0.5900887121443866,0.010706638115631691,0.14255123891098195,0.569287243805445,0.7096971550933007,278
83,National Institute of Technology Meghalaya,Shillong,Central,2025,6.44,106,172,175,165,153,0,0,0,0,0,0,0,0,125,125,0,0,0,0,0,0,0,0,0,0,0,0,0,0,0,0,915,485,155,640,290,323,27,130,430,7,460,3,90,0,0,0,0,0,0,0,0,0.0,0,0,0,23,14,37,19,17,1,7,27,11,23,0,0,0,0,0,0,0,0,0,0,0,0,0,0,0,0,0,0,0,0,0,0,0,0,0,0,677,163,105,268,665,0,250,0,0,915,677,0.7398907103825136,169,340,28,137,457,504.0,0.24963072378138848,0.5022156573116692,0.0413589364844904,0.20236336779911374,0.6750369276218612,0.7444608567208272,268
84,"Jain university,Bangalore",Bengaluru,Deemed,2025,14.05,442,1320,1320,1200,1260,0,0,0,0,0,0,0,0,174,183,0,0,0,0,0,0,0,0,0,0,0,0,0,0,0,0,5457,3094,1641,4735,1335,2553,847,115,1735,1215,95,20,520,0,0,0,0,0,0,0,0,0.0,0,0,0,81,54,135,53,71,11,40,54,38,9,4,43,0,0,0,0,0,0,0,0,0,0,0,0,0,0,0,0,0,0,0,0,0,0,0,0,4870,225,18,243,5100,0,357,0,0,5457,4870,0.8924317390507605,1695,2624,858,155,1789,1381.0,0.3480492813141684,0.5388090349075976,0.17618069815195073,0.03182751540041068,0.3673511293634497,0.2835728952772074,243
85,National Institute of Technology Kurukshetra,Kurukshatra,Central,2025,15.19,201,1161,1161,1157,1158,0,0,0,0,0,0,0,0,473,498,0,0,0,0,0,0,0,0,0,0,0,0,0,0,0,0,5608,3642,940,4582,2182,2351,49,457,2382,468,2208,87,76,0,0,0,0,0,0,0,0,0.0,0,0,0,395,87,482,64,418,0,53,257,102,0,0,208,0,0,0,0,0,0,0,0,0,0,0,0,0,0,0,0,0,0,0,0,0,0,0,0,5064,256,166,422,4637,0,971,0,0,5608,5064,0.9029957203994294,1027,2769,49,510,2639,2865.0,0.2028041074249605,0.5468009478672986,0.009676145339652449,0.10071090047393365,0.5211295418641391,0.5657582938388626,422
86,"National Institute of Technology, Raipur",Raipur,Central,2025,13.82,272,1119,1119,1118,1118,0,0,0,0,0,0,0,0,156,187,0,0,0,0,19,19,19,0,0,0,0,0,0,0,0,0,4874,3266,890,4156,2093,2057,6,761,2269,0,2379,0,651,0,0,0,0,0,0,0,0,0.0,0,0,0,124,61,185,128,57,0,20,108,0,45,0,83,0,0,0,0,0,0,0,0,0,0,0,0,33,21,54,12,42,0,10,35,0,11,0,34,4395,437,221,658,4474,0,343,57,0,4874,4395,0.9017234304472712,972,2156,6,791,2412,2435.0,0.221160409556314,0.4905574516496018,0.0013651877133105802,0.1799772468714448,0.5488054607508532,0.5540386803185438,658
87,Vel Tech Rangarajan Dr. Sagunthala R & D Institute of Science and Technology,Chennai,Deemed,2025,15.5,674,2364,2364,2220,2220,0,0,0,0,0,0,0,0,216,216,0,0,0,0,0,0,0,0,0,0,0,0,0,0,0,0,9600,7524,1938,9462,1314,8029,119,1229,2393,0,2564,0,1058,0,0,0,0,0,0,0,0,0.0,0,0,0,178,38,216,166,50,0,0,186,0,0,0,186,0,0,0,0,0,0,0,0,0,0,0,0,0,0,0,0,0,0,0,0,0,0,0,0,9678,179,407,586,9168,0,432,0,0,9600,9678,1.008125,1976,8079,119,1229,2579,2564.0,0.20417441620169458,0.8347799132052077,0.012295928910932011,0.12698904732382724,0.2664806778259971,0.26493077082041744,586
88,AU College of Engineering (A),Visakhapatnam,State,2025,11.5,262,546,530,530,530,0,0,0,0,0,0,0,0,502,510,0,0,0,0,0,0,0,0,0,0,0,0,0,0,0,0,3148,965,1171,2136,455,1388,293,467,1582,1039,943,67,0,0,0,0,0,0,0,0,0,0.0,0,0,0,474,538,1012,575,405,32,101,754,685,88,41,41,0,0,0,0,0,0,0,0,0,0,0,0,0,0,0,0,0,0,0,0,0,0,0,0,3148,97,41,138,2136,0,1012,0,0,3148,3148,1.0,1709,1793,325,568,2336,2863.0,0.5428843710292249,0.5695679796696315,0.10324015247776366,0.18043202033036848,0.7420584498094028,0.9094663278271918,138
89,Chitkara University,Rajpura,Private,2025,13.34,519,2670,2790,2400,2040,0,0,0,0,0,0,0,0,25,45,0,0,0,0,0,0,15,0,0,0,0,0,0,0,0,0,9985,4920,3420,8340,1988,6338,14,0,609,1,586,0,22,0,0,0,0,0,0,0,0,0.0,0,0,0,24,13,37,17,19,1,0,23,0,23,0,0,0,0,0,0,0,0,0,0,0,0,0,0,6,2,8,7,1,0,0,0,0,0,0,0,8385,125,178,303,9900,0,70,15,0,9985,8385,0.8397596394591887,3435,6358,15,0,632,610.0,0.40966010733452596,0.7582587954680978,0.0017889087656529517,0.0,0.0753726893261777,0.0727489564698867,303
90,COEP Technological University,Pune,State,2025,14.0,236,773,713,570,570,0,0,0,0,0,0,0,0,570,486,0,0,0,0,0,0,0,0,0,0,0,0,0,0,0,0,3682,2485,984,3469,3174,161,134,278,1607,1379,342,164,0,0,0,0,0,0,0,0,0,0.0,0,0,0,414,157,571,537,34,0,30,297,261,2,20,44,0,0,0,0,0,0,0,0,0,0,0,0,0,0,0,0,0,0,0,0,0,0,0,0,4040,103,185,288,2626,0,1056,0,0,3682,4040,1.0972297664312873,1141,195,134,308,1904,2168.0,0.2824257425742574,0.04826732673267327,0.03316831683168317,0.07623762376237624,0.47128712871287126,0.5366336633663367,288
91,SR University,Warangal,Private,2025,16.5,360,1590,1080,1080,1080,0,0,0,0,0,0,0,0,96,96,0,0,0,0,0,0,0,0,0,0,0,0,0,0,0,0,5022,2456,2413,4869,3356,1477,36,909,2981,1727,1161,107,895,0,0,0,0,0,0,0,0,0.0,0,0,0,92,88,180,99,54,27,34,63,29,50,8,10,0,0,0,0,0,0,0,0,0,0,0,0,0,0,0,0,0,0,0,0,0,0,0,0,5049,333,122,455,4830,0,192,0,0,5022,5049,1.0053763440860215,2501,1531,63,943,3044,3082.0,0.4953456129926718,0.30322836205189146,0.012477718360071301,0.18676965735789267,0.6028916617151912,0.6104179045355516,455
92,Defence Institute of Advanced Technology,Pune,Central,2025,3.78,63,0,0,0,0,0,0,0,0,0,0,0,0,478,466,0,0,0,0,0,0,0,0,0,0,0,0,0,0,0,0,944,0,0,0,0,0,0,0,0,0,0,0,0,0,0,0,0,0,0,0,0,0.0,0,0,0,348,89,437,102,335,0,19,168,187,0,0,0,0,0,0,0,0,0,0,0,0,0,0,0,0,0,0,0,0,0,0,0,0,0,0,0,437,75,91,166,0,0,944,0,0,944,437,0.4629237288135593,89,335,0,19,168,187.0,0.2036613272311213,0.7665903890160183,0.0,0.043478260869565216,0.38443935926773454,0.4279176201372998,166
93,Panjab University,Chandigarh,State,2025,11.22,143,698,698,698,698,0,0,36,36,36,36,55,0,222,222,0,0,0,0,0,0,0,0,0,0,0,0,0,0,0,0,3435,2124,585,2709,331,2369,9,97,548,227,238,81,99,95,27,122,15,107,0,10,24,13.0,6,7,8,100,84,184,18,166,0,0,36,12,8,2,14,0,0,0,0,0,0,0,0,0,0,0,0,0,0,0,0,0,0,0,0,0,0,0,0,3015,153,0,153,2792,199,444,0,0,3435,3015,0.8777292576419214,696,2642,9,107,608,594.0,0.2308457711442786,0.876285240464345,0.0029850746268656717,0.03548922056384743,0.20165837479270315,0.19701492537313434,153
94,Jawaharlal Nehru Technological University,Hyderabad,State,2025,15.5,501,1620,1620,1375,1307,0,0,0,0,0,0,0,0,720,720,0,0,0,0,0,0,0,0,0,0,0,0,0,0,0,0,7362,2901,3021,5922,3720,1777,425,710,5212,5235,0,603,84,0,0,0,0,0,0,0,0,0.0,0,0,0,705,735,1440,1012,403,25,152,1288,1402,0,38,0,0,0,0,0,0,0,0,0,0,0,0,0,0,0,0,0,0,0,0,0,0,0,0,0,7362,101,216,317,5922,0,1440,0,0,7362,7362,1.0,3756,2180,450,862,6500,7278.0,0.5101874490627547,0.2961151860907362,0.061124694376528114,0.11708774789459386,0.8829122521054061,0.9885900570497147,317
95,"C.V. Raman Global University, Odisha",Bhubaneswar,Private,2025,16.5,451,1050,1050,1440,1320,0,0,0,0,0,0,0,0,132,132,0,0,0,0,0,0,0,0,0,0,0,0,0,0,0,0,5124,2590,2388,4978,1665,3059,254,2590,1138,870,645,598,1615,0,0,0,0,0,0,0,0,0.0,0,0,0,138,126,264,112,126,26,118,47,61,32,37,35,0,0,0,0,0,0,0,0,0,0,0,0,0,0,0,0,0,0,0,0,0,0,0,0,5242,265,51,316,4860,0,264,0,0,5124,5242,1.0230288836846213,2514,3185,280,2708,1185,2243.0,0.47958794353300266,0.6075925219381916,0.0534147272033575,0.5165967188096147,0.2260587561999237,0.42789011827546736,316
96,Atal Bihari Vajpayee Indian Institute of Information Technology and Management,Gwalior,Central,2025,8.02,78,172,76,74,74,0,0,0,0,0,0,0,0,50,50,0,0,0,0,0,0,0,0,0,0,96,120,119,119,119,0,1069,324,71,395,28,340,27,46,175,92,14,4,111,0,0,0,0,0,0,0,0,0.0,0,0,0,33,9,42,10,32,0,9,14,0,14,2,7,0,0,0,0,0,0,0,0,0,0,0,0,470,94,564,73,484,7,74,268,156,26,17,143,1001,67,38,105,396,0,100,0,573,1069,1001,0.9363891487371375,174,856,34,129,457,325.0,0.17382617382617382,0.8551448551448552,0.03396603396603397,0.12887112887112886,0.4565434565434565,0.3246753246753247,105
97,National Institute of Technology Hamirpur,Hamirpur,Central,2025,13.0,237,830,830,830,830,0,0,0,0,0,0,0,0,342,450,0,0,0,0,0,0,0,0,0,0,56,56,56,56,151,0,4487,2536,757,3293,1543,1728,22,529,2025,277,1600,73,604,0,0,0,0,0,0,0,0,0.0,0,0,0,350,96,446,251,195,0,52,219,84,145,0,42,0,0,0,0,0,0,0,0,0,0,0,0,292,82,374,180,193,1,46,185,23,115,14,79,4113,224,48,272,3320,0,792,0,375,4487,4113,0.9166480944952083,935,2116,23,627,2429,2331.0,0.22732798443958183,0.5144663262825189,0.0055920252856795525,0.15244347191830782,0.5905664964745928,0.5667396061269147,272
98,Pandit Deendayal Energy University,GandhiNagar,Private,2025,15.5,332,1260,1260,1200,1080,0,0,0,0,0,0,0,0,234,234,0,0,0,0,0,0,0,0,0,0,0,0,0,0,0,0,5268,4264,897,5161,4617,343,201,47,680,514,213,0,0,0,0,0,0,0,0,0,0,0.0,0,0,0,199,57,256,219,29,8,2,53,3,0,0,52,0,0,0,0,0,0,0,0,0,0,0,0,0,0,0,0,0,0,0,0,0,0,0,0,5417,103,113,216,4800,0,468,0,0,5268,5417,1.0282839787395597,954,372,209,49,733,730.0,0.17611223924681557,0.068672697064796,0.038582241092855823,0.00904559719401883,0.13531474986154698,0.13476093778844378,216
99,National Institute of Technology Puducherry,Karaikal,Govt,2025,8.68,76,275,275,240,240,0,0,0,0,0,0,0,0,50,50,0,0,0,0,0,0,0,0,0,0,0,0,0,0,0,0,1130,723,257,980,358,581,41,286,635,211,542,51,117,0,0,0,0,0,0,0,0,0.0,0,0,0,18,8,26,0,26,0,10,16,4,4,0,18,0,0,0,0,0,0,0,0,0,0,0,0,0,0,0,0,0,0,0,0,0,0,0,0,1006,176,81,257,1030,0,100,0,0,1130,1006,0.8902654867256637,265,607,41,296,651,812.0,0.2634194831013916,0.6033797216699801,0.040755467196819085,0.294234592445328,0.647117296222664,0.8071570576540755,257
100,Sri Krishna College of Engineering and Technology,Coimbatore,State,2025,14.0,404,1542,1362,1080,1140,0,0,60,60,60,60,60,0,39,60,0,0,0,0,0,0,0,0,0,0,0,0,0,0,0,0,5523,3957,1414,5371,4831,532,8,1853,3187,672,559,322,3487,173,85,258,234,24,0,39,198,22.0,20,0,195,22,28,50,35,15,0,14,31,1,30,0,14,0,0,0,0,0,0,0,0,0,0,0,0,0,0,0,0,0,0,0,0,0,0,0,0,5679,36,70,106,5124,300,99,0,0,5523,5679,1.0282455187398154,1527,571,8,1906,3416,1626.0,0.2688853671421025,0.10054587075189293,0.001408698714562423,0.33562246874449725,0.6015143511181547,0.28631801373481247,106
